,book_id,goodreads_book_id,weighted_rating
861,862,17332218,4.4950066801758775
421,422,862041,4.608934733651806
1307,1308,17927395,4.522803367417817
2100,2101,99298,4.342224437013503
1009,1010,43070,4.451611831147034
561,562,7235533,4.499129945681383
1787,1788,24813,4.3414883354900455
3240,3241,22299763,4.322806669812813
24,25,136251,4.596041450592195
779,780,77727,4.452908265273874
1263,1264,18006496,4.424849670237403
1617,1618,95617,4.345965440443228
459,460,18335634,4.471214276066009
963,964,30,4.40712999888982
3214,3215,2299110,4.308340305900685
2166,2167,28260587,4.352733239299453
306,307,1215032,4.488704793788439
2243,2244,17131869,4.330119096053018
1753,1754,6485421,4.328618776952828
1495,1496,147915,4.32153397325329
2766,2767,19358975,4.301542148568043
191,192,186074,4.499021313890031
2080,2081,19486421,4.277616537397582
26,27,1,4.527162484177498
134,135,62291,4.496714365262593
266,267,21853621,4.4650696421411835
683,684,12127810,4.430060167150914
1601,1602,6585201,4.3345294398006615
7372,7373,23766634,4.310227631435991
2352,2353,25101,4.282862978512656
17,18,5,4.518436587586482
23,24,6,4.517922385010227
1021,1022,20613470,4.398593895070545
1379,1380,15195,4.346117764724602
160,161,18512,4.468719166789931
716,717,11742691,4.380488096854354
1653,1654,12216302,4.299063953846154
174,175,4502507,4.453399524159538
768,769,188572,4.364484181612321
1373,1374,7743175,4.313300307577412
1807,1808,18966806,4.2698286195833965
1722,1723,11710373,4.267013027406475
751,752,17167166,4.390633046383197
506,507,7938275,4.3726942201255286
1352,1353,13206900,4.348489114197891
892,893,870,4.341705067022849
3884,3885,29780253,4.250527263708275
1994,1995,768889,4.249083954003284
606,607,8755785,4.390368852652165
503,504,11422,4.381209804710931
465,466,659469,4.380119242525772
2628,2629,18243700,4.271942853702516
2000,2001,7952502,4.2522662605402015
188,189,33,4.4253479146922565
427,428,12127750,4.409709532635158
756,757,256008,4.34410679815341
2193,2194,25494343,4.317292385518171
1341,1342,47989,4.299020411562037
2612,2613,22738563,4.249507852545594
1904,1905,13569581,4.244235791794751
20,21,2,4.449419931147252
350,351,10025305,4.406154429464471
773,774,13206828,4.367471295491637
602,603,2767793,4.358228721289505
1667,1668,23437156,4.316808577305332
1900,1901,7304203,4.2952552141063345
1319,1320,3586,4.285831019395703
1340,1341,18966819,4.2695151718499
2997,2998,6479550,4.2550206206586285
30,31,4667024,4.438311259661313
38,39,13496,4.43648481866007
840,841,42900,4.3451291237632095
997,998,44186,4.321652836851383
1629,1630,3475161,4.275150374192168
2794,2795,20639274,4.254807300760742
2159,2160,12499290,4.229826861781948
1,2,3,4.436129327880983
293,294,9520360,4.387296697299532
975,976,90072,4.303451089008756
1650,1651,13188676,4.296004488193045
1567,1568,27362503,4.292052764862763
2355,2356,13644052,4.268146158619899
1894,1895,25099,4.25174261149429
2970,2971,4345498,4.245097764748939
1608,1609,7351574,4.242785990602114
249,250,11387515,4.364853076667847
388,389,68428,4.359747070344703
463,464,1923820,4.342408293922263
1025,1026,10965,4.292950829436253
1339,1340,17683,4.28262986594253
1449,1450,927979,4.271891776098846
1890,1891,6050298,4.270146202708668
2105,2106,17255265,4.2600631658143895
1450,1451,6465707,4.252267748308751
1418,1419,6344097,4.251391129265503
3462,3463,8559047,4.224923526777323
5073,5074,18667307,4.222260117200022
4223,4224,13448656,4.218068795888816
154,155,15241,4.387109226794081
542,543,6527740,4.350793491180998
487,488,11566,4.340222127632806
512,513,561909,4.339258502940865
584,585,13615,4.3250008624459655
733,734,546018,4.3127997538725475
957,958,3579,4.291222963377141
987,988,8253920,4.29048493593911
1182,1183,13154150,4.281246320077496
1772,1773,13600318,4.2650686991613265
1274,1275,2832909,4.263936748797853
1320,1321,1237398,4.261328006979617
1312,1313,42389,4.259894319823584
1759,1760,7243142,4.2476725981292915
1026,1027,18705209,4.299690248355269
1264,1265,15197,4.282393879737501
1512,1513,7046495,4.274850462904887
1362,1363,91474,4.265904199011933
1393,1394,91475,4.263893428327698
1889,1890,8709526,4.263281393911112
2330,2331,25111004,4.232600524702118
2204,2205,23692271,4.231703131736591
1835,1836,18419,4.2285593022677395
2175,2176,7788,4.2182960320442
2839,2840,27071490,4.207257282171295
109,110,10572,4.371061816809942
143,144,8664353,4.369117678450575
982,983,25489625,4.258321859423188
1354,1355,13027304,4.2492261012163315
1509,1510,2454986,4.246696938609132
1576,1577,20696006,4.23260695053478
158,159,2120932,4.36101427486334
140,141,18007564,4.355717048904225
1222,1223,46654,4.249559943531706
2039,2040,17340050,4.248975266452307
2544,2545,84145,4.217575344461231
2996,2997,9833184,4.214207441145456
1720,1721,175510,4.210656876415823
84,85,370493,4.359135479799512
553,554,10987,4.301841778690693
1482,1483,5098079,4.256611376918702
1961,1962,6587387,4.242598326757233
2929,2930,1225621,4.197894487287564
2298,2299,45108,4.197607533276104
2492,2493,346087,4.194961594064839
3731,3732,17831614,4.19466531504926
22,23,15881,4.361705133293818
393,394,2802316,4.320941950803374
417,418,6479259,4.313083986718834
336,337,13,4.312780961473386
511,512,23919,4.294919900746583
1001,1002,14290364,4.273004970040437
839,840,402093,4.266144252409856
1035,1036,15842441,4.248362902874613
1351,1352,6690979,4.239187814578343
1557,1558,6609765,4.225930552273411
1337,1338,323355,4.225619225006813
1746,1747,4499669,4.187989708702229
2447,2448,6316821,4.1877876446521345
46,47,19063,4.3477670061101215
273,274,22034,4.310629721421286
363,364,113946,4.309634717049739
809,810,1087204,4.265190181776816
734,735,96358,4.265174268800615
862,863,301736,4.259211204743265
986,987,8621462,4.259134384278921
1191,1192,7824322,4.24592730703999
1415,1416,8709523,4.245224059683942
1635,1636,1412138,4.241637557207838
1273,1274,196970,4.2401914108836
1336,1337,64222,4.2336289145987385
1463,1464,991197,4.229319729895513
1544,1545,776407,4.226649311368929
2077,2078,19330,4.209895394142683
2042,2043,400354,4.206131242043021
1733,1734,139069,4.198925037074199
2410,2411,21484,4.18300647904354
3381,3382,84151,4.182786546329194
2630,2631,29394,4.181726244346006
190,191,472331,4.317479609171855
224,225,4406,4.3105528685701255
162,163,7736182,4.3043268412561835
418,419,5996153,4.297678868837862
390,391,7784,4.296644831591731
489,490,15196,4.286555829292567
458,459,18774964,4.286490926357857
564,565,68429,4.275549747084694
888,889,35729,4.270056789280085
834,835,204042,4.251989705418827
1234,1235,55030,4.228471772638486
1498,1499,28587957,4.225618786120899
1602,1603,773951,4.2225274247396545
1470,1471,7723542,4.21547794015234
1625,1626,5217282,4.209733522124807
1716,1717,32552,4.207791730881658
2236,2237,10993282,4.205652558075
1686,1687,53764,4.195647360684268
1832,1833,348225,4.1834302338184255
2406,2407,2903736,4.179772393088978
0,1,2767052,4.337123789724343
18,19,34,4.332328903438133
66,67,128029,4.323870301971224
133,134,3777732,4.318133613493759
167,168,149267,4.311100935990981
277,278,30118,4.299080411780848
357,358,191139,4.293511182760754
443,444,99107,4.2842154202113
538,539,15717943,4.279962112105857
607,608,310259,4.270920085867705
711,712,10988,4.255842685477534
1202,1203,12000020,4.247506515838266
761,762,375013,4.247168468209369
738,739,39662,4.245667524077557
778,779,5211,4.241156820071202
959,960,1166599,4.237385159424633
1555,1556,13362536,4.235780398808875
1108,1109,6466909,4.227663337870841
1888,1889,3128411,4.214574437059949
1945,1946,2702704,4.213355751249937
2274,2275,5604848,4.207653663065728
1376,1377,147074,4.207599331883775
1596,1597,122,4.199013152157007
2063,2064,37186,4.192932530406104
2449,2450,16151178,4.1925212097399385
2091,2092,2241059,4.18392716673888
1407,1408,711901,4.1816948697669645
3184,3185,9761771,4.178211800468977
182,183,7171637,4.304700871837893
213,214,561456,4.302406984761795
333,334,13596809,4.284165855980996
471,472,4069,4.266620253508027
739,740,114345,4.2486223501256255
785,786,30120,4.241944731771711
1168,1169,13047090,4.241753610413668
1335,1336,304027,4.232879774972487
1109,1110,24445517,4.220374291555508
1303,1304,99383,4.218484827445197
1157,1158,42697,4.216251913114956
2140,2141,13454149,4.187645387955975
3104,3105,1811543,4.1836450147467446
2883,2884,16150830,4.175996111694733
1950,1951,13643567,4.175264804604905
3525,3526,26252859,4.173842785995673
2886,2887,30259,4.1733921184476195
591,592,117833,4.244339001223596
851,852,25899336,4.237331138185136
609,610,16158542,4.235617007140155
893,894,64216,4.232847745864381
1227,1228,91479,4.215386198556739
1503,1504,144350,4.192102224908712
1460,1461,194373,4.186826865144456
2557,2558,17378508,4.186443801787277
2622,2623,13836,4.180036668885469
3198,3199,13612739,4.169627193049081
1471,1472,20560137,4.1692449430473
3769,3770,23395680,4.167496925531978
2268,2269,43916,4.166535457035317
2381,2382,45109,4.16605742793513
3440,3441,17378527,4.163709946855853
3176,3177,13834,4.161442134718332
142,143,18143977,4.285273406688523
187,188,10664113,4.278952324511218
214,215,9969571,4.27763790706611
492,493,11138,4.254039250344865
462,463,5364,4.252341508592899
690,691,10569,4.236758782843431
791,792,22917,4.2297049337961266
1652,1653,285205,4.20949426128505
1817,1818,2168860,4.202382257239943
2286,2287,3570231,4.1912909588822975
993,994,32085,4.190597767401318
1618,1619,8726744,4.180897300468429
2094,2095,105549,4.175578418939978
1656,1657,6759,4.16606737496227
1594,1595,318431,4.161299571295768
2408,2409,858513,4.160583968010075
2771,2772,25893693,4.15861680175982
3404,3405,17798287,4.156842568475593
16,17,6148028,4.293469285421795
69,70,375802,4.285691972976357
86,87,1617,4.283304164185504
318,319,8755776,4.26420998493442
383,384,2282133,4.258945052505302
332,333,2153405,4.253774018683444
580,581,13206760,4.2479340438869
635,636,11260526,4.246655052777287
501,502,138398,4.240529751748073
484,485,4934,4.237904369759487
816,817,6294,4.2259017398249075
765,766,23754,4.225265357233019
745,746,127455,4.223493382342175
759,760,9532,4.221915115286972
961,962,13496084,4.218708078382287
1129,1130,17788401,4.217744956444077
869,870,2199,4.215082657367695
1290,1291,42898,4.21196865155688
1126,1127,91478,4.207423954162897
2177,2178,24920901,4.1952818844864135
1944,1945,344262,4.1889399441207065
1551,1552,682804,4.1770325340933665
1655,1656,38743,4.176102921260242
2954,2955,13570854,4.158658599875145
1924,1925,17303,4.157252587243209
1672,1673,18149927,4.15654072196636
2782,2783,13833,4.156448079025696
3014,3015,18593175,4.154233387006778
3188,3189,14383,4.152838524768445
49,50,30119,4.278831549966137
141,142,5043,4.26653641986276
156,157,23772,4.266299114731655
183,184,39988,4.265476021968819
295,296,4948,4.255043270652401
294,295,10644930,4.250551330785346
544,545,144974,4.234921550040205
625,626,420282,4.233480925875789
841,842,16096824,4.233439531159422
643,644,13372690,4.229387301022646
712,713,13414446,4.2280591029799925
626,627,125507,4.225433532069935
513,514,3590,4.224673525489372
764,765,92057,4.218761162186442
955,956,5544,4.200945882102224
1258,1259,334643,4.192986885330498
1349,1350,47624,4.191501237686162
1080,1081,12959233,4.185460127835116
1428,1429,3754026,4.178547634696198
1603,1604,270805,4.17284890284312
1780,1781,191113,4.172725648933266
2305,2306,30263,4.168286024099551
1622,1623,106069,4.166708630174938
2747,2748,16139641,4.1644927447061635
2427,2428,6950688,4.162712058846976
1963,1964,68488,4.161306243972706
1850,1851,7170627,4.157494667165711
2479,2480,111332,4.157485750702354
2259,2260,270067,4.156234576035458
2711,2712,10800916,4.154690466013914
2469,2470,62530,4.1518861970964185
2610,2611,34501,4.150193143326215
4076,4077,11227041,4.148148798176373
2117,2118,15704459,4.147605172709469
65,66,18405,4.267535954347624
79,80,157993,4.265374611163225
290,291,3591262,4.24190354230432
548,549,231850,4.22351525885342
1169,1170,13104080,4.204086145633718
1107,1108,46306,4.193632594752088
1358,1359,12893742,4.187883161916801
1105,1106,17267,4.181752328850967
1398,1399,144349,4.181006151563023
1255,1256,1971304,4.175478394362907
1571,1572,25100,4.1751806024318405
1931,1932,8492319,4.1743239785081245
1862,1863,13837,4.172487009568205
1783,1784,264158,4.163248639458882
1851,1852,270804,4.15707379559601
1791,1792,18749,4.150057004067472
2958,2959,153780,4.148751540263417
3495,3496,6871617,4.148724347433485
3329,3330,30260,4.144603793202311
1882,1883,166997,4.144100428591856
111,112,15507958,4.2525123460511
338,339,32929,4.23154365220334
676,677,6289283,4.1970416383933165
952,953,5091,4.188164959441606
1479,1480,13831,4.183260118881284
1781,1782,17347389,4.175780703814792
1099,1100,78983,4.174483306345048
2671,2672,23513349,4.173690105498982
1367,1368,34484,4.173252801296181
1229,1230,902715,4.169975920509287
1197,1198,22822858,4.168043809492236
1411,1412,3754016,4.167671829552276
1355,1356,3428935,4.165756623654232
1923,1924,34517,4.152910836898353
1879,1880,50027,4.1480401583886595
2385,2386,9522,4.145128519799197
3056,3057,13623150,4.144844225080112
2333,2334,11250317,4.1427878974446495
3407,3408,5292853,4.141470276868851
2517,2518,133664,4.140644608986465
3243,3244,24431,4.138021957955957
5,6,11870085,4.255566848087767
10,11,77203,4.254291582949925
408,409,9375,4.217419142620639
439,440,7315573,4.209591660583099
742,743,28881,4.193696705298833
937,938,16081272,4.193250115686974
845,846,5472,4.192693620805657
672,673,15796700,4.191409043867523
748,749,15753740,4.189612235561112
857,858,15839976,4.187503386944535
863,864,10967,4.186808027485123
722,723,33600,4.182328952592897
1504,1505,10576365,4.175287304803525
1951,1952,15724396,4.17121619503735
1286,1287,147732,4.170502227884441
1330,1331,11192642,4.166228327568564
1455,1456,2146957,4.160798453658446
1345,1346,944076,4.160265622126525
2664,2665,17333880,4.15250659616703
3344,3345,19547856,4.148146583232495
2613,2614,8087906,4.14652766561242
1814,1815,5509,4.144284656165439
2806,2807,30262,4.1428877417689725
2098,2099,282282,4.139400855939108
2270,2271,34527,4.138934591025297
2174,2175,16130,4.13869593323324
1827,1828,330744,4.138410254501904
2345,2346,5632446,4.137048624499753
3182,3183,2498983,4.134964272051745
2017,2018,13507212,4.133032326471488
3080,3081,12647642,4.132992712636574
3119,3120,24781,4.131711886674788
3,4,2657,4.246859786447428
6,7,5907,4.245184563046184
88,89,21787,4.234808763478801
282,283,12067,4.220021505988522
328,329,2318271,4.214041648219919
364,365,5805,4.209586841023614
567,568,59960,4.19253356428057
1028,1029,15704307,4.191180294915862
936,937,18116,4.171307337289846
988,989,540020,4.16985420441323
1291,1292,5413,4.160642230104392
1141,1142,816,4.160552665314126
1561,1562,22609310,4.160496005511836
1856,1857,13835,4.155306655793476
1721,1722,34494,4.152821926176228
1689,1690,8058301,4.14898345473908
2138,2139,22543496,4.144749850956192
1811,1812,13810,4.142834024728357
3149,3150,12299419,4.142135238463048
3016,3017,17156015,4.134025845642174
2562,2563,7540092,4.128999413856264
2676,2677,48002,4.127510498624414
9,10,1885,4.235298489156861
11,12,13335037,4.234979528466667
80,81,7445,4.225255825838459
218,219,11127,4.216612382946231
264,265,14891,4.210678704714495
392,393,7896527,4.209108732009031
257,258,1232,4.207963051004386
453,454,767680,4.199174397126746
795,796,15760001,4.185095075027628
724,725,34084,4.178418649449812
887,888,98573,4.174156636633407
805,806,5096,4.173167270003663
1046,1047,11594337,4.162633089270502
1540,1541,8685612,4.160901169671829
741,742,13453029,4.160649797972943
1217,1218,17309,4.153502068500069
1993,1994,17337562,4.152111342637229
1153,1154,1301,4.149148174135373
1553,1554,59264,4.146923899634384
1545,1546,7165300,4.142331526453214
1665,1666,42038,4.141726902027792
2575,2576,16117506,4.139161909969789
2442,2443,17158596,4.139116061922945
1730,1731,6736971,4.136356108969017
1874,1875,474858,4.134816260064104
2059,2060,13588356,4.1323481573776455
2775,2776,13496738,4.132329161425334
2071,2072,270807,4.130778900823951
1502,1503,8682,4.130710431694663
2158,2159,628139,4.1304664256575965
2109,2110,29801,4.1293190286370205
2953,2954,407813,4.126292235786373
2058,2059,7959473,4.1254786036105795
3526,3527,7039218,4.125357572772269
2481,2482,128066,4.124642340245654
2142,2143,16992,4.1238988009026105
2598,2599,15861491,4.121785863530965
40,41,28187,4.2233544845878885
150,151,28186,4.213178775738756
132,133,8127,4.212786033177772
199,200,16299,4.209218670526725
219,220,3609760,4.2018696077882005
436,437,18079776,4.185264617099438
411,412,567795,4.184760196192108
749,750,12578077,4.184574961415447
527,528,34897,4.182005353613446
531,532,59980,4.179805003842841
611,612,5094,4.178072897376816
860,861,15745950,4.176581007728095
807,808,9673436,4.176006455760987
641,642,5064,4.174911118484878
802,803,271199,4.171372069536518
827,828,9516,4.170866440636332
909,910,51964,4.16257448799083
889,890,29580,4.162189251032313
1752,1753,11561469,4.144768983896765
1253,1254,887877,4.144440717954231
1634,1635,766955,4.143583737679546
1631,1632,967494,4.143206810096099
2266,2267,9659607,4.141031190392839
1486,1487,1848,4.137627851022011
1938,1939,826585,4.128826173277369
1683,1684,1052,4.127519088078502
1327,1328,18144124,4.126993102132863
2813,2814,13618440,4.124166396606258
2450,2451,9517,4.122218565064567
2005,2006,2890090,4.121721919552873
101,102,19543,4.20648601038204
97,98,5060378,4.20522128959875
310,311,3412,4.1898628710333
372,373,6319,4.188833890311719
324,325,4473,4.186637171895492
560,561,378,4.179260079679523
514,515,16735,4.175435613936242
678,679,475339,4.174788935246069
598,599,8695,4.174118975011737
660,661,46677,4.172215096303837
488,489,2547,4.171322321672669
758,759,8709527,4.170775124033526
754,755,386372,4.16724697849012
1121,1122,12751687,4.159835342687009
1133,1134,13639050,4.152395415456673
1228,1229,786256,4.150401110074605
1905,1906,7137775,4.1382076883606915
1239,1240,1848444,4.136019912735794
1774,1775,581409,4.1358911531428575
1664,1665,1268479,4.1278176957933645
1858,1859,12543,4.127491536977741
1965,1966,59810,4.1224707632071205
2085,2086,34532,4.1221869797194195
2462,2463,12432220,4.121435488324028
2163,2164,127823,4.120090818591166
2466,2467,201146,4.118138945013071
67,68,22628,4.2008251872659255
102,103,7126,4.1957067566326645
152,153,1582996,4.1953457246949135
432,433,42899,4.178175687051548
505,506,18635016,4.162760770323509
811,812,16070903,4.162584073978252
721,722,9539,4.15784559745992
728,729,77566,4.157750090909091
719,720,2880,4.157029559123295
361,362,11149,4.15577474309495
843,844,293595,4.1516646202344685
1209,1210,77390,4.149482187665592
1294,1295,17029526,4.148477554318001
1218,1219,16113791,4.148477110652383
1111,1112,77392,4.148224964924603
1250,1251,6468666,4.146322038122642
1501,1502,12812550,4.142718293199106
1768,1769,17617277,4.141228971520352
1017,1018,68487,4.141010971227908
1446,1447,29291,4.133662512301188
1064,1065,25735012,4.131030367884665
1427,1428,11254250,4.128283085028329
1822,1823,160629,4.12768623424045
2329,2330,16136959,4.125808977559026
1491,1492,112204,4.125808146711536
1750,1751,114145,4.12290561657198
1671,1672,10235,4.1193115758431
1669,1670,104189,4.119258523344058
2180,2181,551876,4.118843547817865
1703,1704,9592,4.118563149095683
2145,2146,11607446,4.1180734786031
3114,3115,14384,4.1155767000935235
2069,2070,13563669,4.110405825538026
2912,2913,16099159,4.107573140338451
3018,3019,77366,4.107026695616751
3325,3326,5212771,4.106702525363394
53,54,11,4.191695175945751
136,137,10964,4.185410088956981
139,140,6892870,4.1832563372473865
195,196,5759,4.180017958104342
261,262,19486412,4.176613398586566
539,540,3008,4.166293514877006
269,270,12873,4.162823453933047
509,510,233649,4.160123684773028
668,669,9328,4.1495553781505565
908,909,9067850,4.148411338408078
766,767,110737,4.146766796690277
788,789,29581,4.144624378827605
953,954,6202690,4.137484830454849
1242,1243,60400,4.134583132698559
1401,1402,407429,4.132066941484267
1199,1200,10803121,4.1282863003174715
1409,1410,16328,4.1277561392122415
1715,1716,12971616,4.127004150297305
1262,1263,8855321,4.12581722049064
1357,1358,220968,4.122206452037342
1514,1515,81227,4.11837250874248
1804,1805,3575676,4.118208078908804
2318,2319,5267365,4.1159085664721635
2607,2608,13830,4.114035644577708
2049,2050,2985500,4.113679273979155
2488,2489,2442,4.108682235936737
1837,1838,8357992,4.108083783366063
2763,2764,6342491,4.107518528388159
2300,2301,6043849,4.106260981496338
2742,2743,19351043,4.105439058885519
1966,1967,30659,4.104382437415739
2878,2879,153542,4.102961065160631
2437,2438,205330,4.102065812657908
4022,4023,6538757,4.101381960380349
36,37,100915,4.185097943462949
125,126,234225,4.175344175459123
215,216,3153910,4.16907462284086
326,327,9275658,4.16739280788532
316,317,13214,4.165280834267624
301,302,7812659,4.164003305022684
217,218,13572249,4.160764899977819
373,374,21,4.156850395520415
675,676,15731779,4.147797214576794
920,921,18460392,4.145468438744835
750,751,8694,4.145332998592248
727,728,759611,4.143753914273205
1164,1165,17314430,4.1376526379579
708,709,4009,4.137259472804507
844,845,6393631,4.134801446279572
1175,1176,21671,4.12936435194819
1488,1489,7882,4.1233714993454
946,947,11500217,4.1229193464257285
1518,1519,827,4.115063132958174
2332,2333,15724654,4.114599250106351
2160,2161,18189606,4.11347824966132
2625,2626,18798983,4.1122983640637525
1606,1607,32506,4.110713081135694
1929,1930,59829,4.105558608656369
1960,1961,159178,4.104397029166367
1670,1671,23734628,4.10163125963175
1876,1877,33514,4.101472977266074
2456,2457,18080920,4.097433151668498
128,129,332613,4.166296708379365
176,177,7144,4.162700392619856
175,176,18342,4.158121443923266
321,322,14497,4.156404802053518
329,330,228665,4.155767685691522
296,297,135479,4.1539291027059555
543,544,77767,4.149131601181931
481,482,6837103,4.145095922110306
710,711,764347,4.140530633178423
979,980,71811,4.137112034820083
752,753,29800,4.136528165429452
725,726,2373,4.134827164405348
1256,1257,1421990,4.130564759388872
1150,1151,6858,4.128001483222624
1033,1034,91476,4.127404653943562
1174,1175,179064,4.125526998656771
1196,1197,13615258,4.120495524485529
1321,1322,29127,4.117785300654988
1040,1041,12505,4.116906087259228
1120,1121,394535,4.11491057141647
1547,1548,537296,4.114339141590771
1245,1246,45112,4.1125218802118715
1434,1435,228560,4.112395643667836
1955,1956,8253,4.110259038951547
1483,1484,77565,4.110004921141833
1697,1698,342445,4.108293539933889
1771,1772,272895,4.108275221138116
1580,1581,12658,4.10773772817807
2436,2437,15784909,4.106901941373803
2038,2039,133526,4.106728045997722
1614,1615,6480781,4.097273278880534
2209,2210,13651,4.096778126725077
2299,2300,3217221,4.096711658234781
1704,1705,28815,4.096025633067787
2083,2084,2845024,4.095022650576532
2554,2555,60931,4.093496017899994
2289,2290,6604712,4.093399550589324
71,72,11588,4.1617287575553465
197,198,11486,4.153511667642367
303,304,227711,4.146076900996803
415,416,6327,4.143754081549577
426,427,92303,4.142627737688406
431,432,41804,4.141225864086977
600,601,19321,4.136134467330953
515,516,3985,4.133505172781234
746,747,518848,4.131318767878248
519,520,11275,4.130511936550471
549,550,3109,4.1304809032494
720,721,17571564,4.1269330079580655
876,877,27712,4.124122361416056
1066,1067,6422,4.123427952898269
935,936,4978,4.120521621414797
1007,1008,8659601,4.1204347619710555
1048,1049,68427,4.119715541708789
1231,1232,6425,4.1186308172626305
1180,1181,6423,4.118507952496627
679,680,1005,4.116387336961132
1178,1179,16690,4.113261611343318
1839,1840,84136,4.108118193784106
1462,1463,44687,4.107477964546796
1613,1614,8680278,4.106892637495363
1363,1364,17876,4.105587458273923
2111,2112,20698530,4.103733035321108
1592,1593,13812,4.1034288689574865
1381,1382,43808,4.103047151901687
1526,1527,21413662,4.101985578154696
1598,1599,8949352,4.100469898199967
2586,2587,14061957,4.099623230463942
2376,2377,13253276,4.098204774280787
2015,2016,4494917,4.09562204212214
2570,2571,77770,4.0955110608527825
1920,1921,826584,4.093354711582215
2165,2166,18050143,4.092472338311173
1883,1884,24937,4.091945300768748
2035,2036,7015403,4.09143614292068
2596,2597,10065,4.090526198091931
2284,2285,13813,4.0900400803006125
2581,2582,857448,4.0893048489677595
3335,3336,2295829,4.088460538635436
2134,2135,108942,4.087586544468703
2446,2447,8458018,4.086317174334494
149,150,4989,4.146098428804091
308,309,6752378,4.143079240906081
582,583,10637766,4.132047900742314
578,579,197084,4.129902968391345
680,681,8337,4.128577960663108
671,672,16304,4.123906952567585
673,674,7494,4.120119717075558
798,799,32423,4.1169951789662695
808,809,5479,4.116571119763369
926,927,270730,4.1153880673213
1334,1335,60510,4.112872712461947
1226,1227,5391115,4.112390978938782
881,882,92364,4.111842087130237
1350,1351,13139,4.11062428859352
1266,1267,40331,4.109392369096954
1347,1348,7779,4.106868970476437
1610,1611,784911,4.106154930983756
1701,1702,17200687,4.106070217126375
969,970,17182126,4.104775694551825
1534,1535,33676,4.104384585894008
1552,1553,30274,4.1036331210581505
1073,1074,4982,4.102943095722898
1375,1376,7823678,4.100971789024596
1692,1693,44659,4.100291768714662
1440,1441,5084,4.097797464497113
1421,1422,106134,4.097334180198001
2368,2369,9680718,4.09628587238217
1439,1440,1255781,4.095890557352148
1237,1238,4952,4.095463316466856
1513,1514,17780,4.094101850919263
2541,2542,15990969,4.092353447721922
1930,1931,645023,4.092328010179088
2555,2556,8282,4.0921586468456965
1443,1444,38501,4.09194270846749
1616,1617,21745,4.091417497774296
2323,2324,8248,4.0901071619746805
1885,1886,95431,4.089824775846102
3383,3384,12351649,4.088962200653513
2090,2091,762053,4.087902070683352
2801,2802,13829,4.087273207326998
1971,1972,19668,4.086547600874136
2095,2096,598160,4.0841979491444125
2388,2389,542414,4.084004999601175
2749,2750,25051,4.083889830636208
2564,2565,10128428,4.08248934560649
2522,2523,231821,4.082082903496798
58,59,24178,4.144511381384521
106,107,3473,4.139680167854164
205,206,10507293,4.138894310086962
251,252,11235712,4.137053844314208
202,203,11505797,4.136790221706169
250,251,233093,4.1329101717227195
445,446,102868,4.124982419140187
401,402,391729,4.124368451877039
792,793,3980,4.115441884489765
858,859,3227063,4.109624080314992
796,797,3206011,4.108833843054317
904,905,8073,4.10836096917598
970,971,766020,4.105536918754053
1225,1226,6424,4.105236801688557
913,914,21611,4.10284714928957
1389,1390,11003,4.101616599239335
1210,1211,824204,4.100728333030194
1102,1103,80568,4.098832110383122
1215,1216,3273,4.097851059582075
1149,1150,15159,4.0965530144449485
1468,1469,774001,4.096481363689282
1419,1420,767171,4.092452410685242
1204,1205,10374,4.092108171044911
1399,1400,16054217,4.0916982356781535
2216,2217,11563110,4.089266697878665
1947,1948,24120519,4.0890072542906974
2825,2826,17983690,4.086551945278314
2173,2174,2279,4.0855430200124285
3513,3514,6547187,4.077968082459359
2431,2432,407234,4.0775449192950415
2244,2245,231562,4.0771176302539684
2222,2223,295961,4.07665248268172
12,13,5470,4.137168235225943
108,109,24280,4.129796312304483
168,169,6400090,4.127851283671236
208,209,23807,4.125573402263869
230,231,556602,4.123995525338934
209,210,345627,4.120446498172543
317,318,15818107,4.118822166350046
563,564,248704,4.111999921894835
520,521,79885,4.110300292761094
949,950,20820994,4.1089129829221855
570,571,15925,4.108123023196915
597,598,45107,4.107453687462787
730,731,179780,4.105819691328264
736,737,43015,4.104036514466337
995,996,6854,4.103370582204352
1069,1070,112750,4.102746365820414
774,775,341879,4.101668602487881
912,913,327847,4.100547541124047
916,917,944073,4.0991673905827675
1012,1013,411053,4.097996920552959
1292,1293,83369,4.095934201416015
1283,1284,6584188,4.093405382274822
1193,1194,6578293,4.092714128141051
1626,1627,3507,4.091144064304558
1382,1383,15779,4.0908785210137655
1328,1329,6295,4.089942782731605
1097,1098,17407748,4.089634407867035
1868,1869,150739,4.08796059676774
1383,1384,38210,4.084832188885585
1892,1893,15799166,4.084677363293225
1705,1706,32559,4.082456996582536
1642,1643,318525,4.081057142305709
1983,1984,58922,4.079830987939698
1913,1914,41811,4.078580086508346
3039,3040,13146214,4.076714765161219
1887,1888,12609,4.076316554404904
1846,1847,29946,4.073924590131099
1864,1865,129603,4.073828759785259
2468,2469,34529,4.073466906789677
2404,2405,26046,4.073053577078046
2895,2896,13436373,4.072497637208054
4380,4381,28763485,4.072177185790581
229,230,2156,4.117091551505184
259,260,4865,4.113789348990427
275,276,29579,4.1136410106534385
557,558,140077,4.1081943028419685
540,541,51737,4.106200650970547
480,481,43889,4.105800673902165
429,430,4929,4.104852169667357
737,738,9822,4.100361168597114
875,876,420297,4.094190731495668
1113,1114,156538,4.091511750882985
1436,1437,7747064,4.090957882773349
948,949,13895,4.090925027971299
1011,1012,13508607,4.089797210392029
1265,1266,310258,4.087330133722325
1469,1470,16140036,4.08646161431612
831,832,268602,4.085937683170769
842,843,13584236,4.08550725830687
1605,1606,86663,4.085194190012425
1529,1530,77276,4.085117153048001
1089,1090,24800,4.084970011959064
1798,1799,8428064,4.084627349101758
1236,1237,37095,4.084225185437051
1651,1652,568645,4.082638572556223
1417,1418,44688,4.082588501967571
1779,1780,8705784,4.0819229707341655
1405,1406,6668467,4.081249815047779
1727,1728,22544764,4.078813435294979
2409,2410,11808950,4.077494490966402
2691,2692,18104607,4.075025572123066
3435,3436,20898019,4.07451633703083
1870,1871,37301,4.073863968658225
2126,2127,770051,4.073114786325666
1979,1980,24830,4.072088894243663
2197,2198,587582,4.071963346571396
2229,2230,24784,4.071823710865215
35,36,3636,4.116384969351477
50,51,256683,4.115953029445617
92,93,2998,4.112891832531244
194,195,2728527,4.108873476247442
198,199,12691,4.108156280265454
323,324,16068905,4.107320242031029
311,312,2213661,4.10591413943962
502,503,70535,4.097175095240792
522,523,133518,4.096939697749265
438,439,3869,4.0965993967457175
619,620,402045,4.095670386104397
554,555,117251,4.095563810170647
636,637,76778,4.093756118598726
612,613,3407877,4.093045431063839
797,798,7770,4.0895120462853525
661,662,5439,4.088119127768128
814,815,12497,4.085836043262354
877,878,13912,4.085287525028798
932,933,6137154,4.085263591150837
789,790,6596,4.084970744577912
964,965,13517535,4.0832309527659625
1472,1473,1240662,4.082357839744563
1198,1199,156534,4.080479722653713
1247,1248,59219,4.079883778971729
1477,1478,775597,4.077409490509213
1277,1278,13888,4.076983329717831
1478,1479,29396,4.076554409202991
1299,1300,49465,4.075844816594923
1859,1860,8835379,4.0735095448830405
1657,1658,18297707,4.071999366986408
1627,1628,12287209,4.071753245499753
2223,2224,30273,4.071184470772585
1678,1679,27494,4.071056030303644
2820,2821,77394,4.070706343223038
2340,2341,30244,4.069646573609716
2394,2395,24378015,4.069432300349737
2761,2762,3819326,4.068977790397874
2153,2154,9533378,4.067509246506656
1861,1862,216443,4.0670576192318855
1369,1370,38990,4.065875638226918
3262,3263,8662836,4.065551476400624
2009,2010,42603,4.065274851840118
2119,2120,6693332,4.064997278773818
1836,1837,17306293,4.064771166629554
3436,3437,178476,4.063186888428806
2950,2951,7263429,4.061105183462107
15,16,2429135,4.107606898685371
163,164,15745753,4.10203058745727
166,167,4407,4.099438732483043
192,193,3228917,4.0987684965748
242,243,10614,4.09821950787529
240,241,47281,4.0981877843999674
235,236,1898,4.096681361368777
423,424,119073,4.0916557068456365
497,498,656,4.088832434847591
590,591,693208,4.088052534921316
627,628,32682,4.085778485550889
826,827,15749186,4.0851339991994005
588,589,16056408,4.084707559658954
1452,1453,18692431,4.084505780165376
867,868,19302,4.083032066576894
911,912,6427,4.0818495731803885
899,900,61535,4.077838852024634
1002,1003,61666,4.076462680815031
1090,1091,85379,4.07452112224596
1165,1166,3293821,4.074183191257694
1014,1015,16631,4.073668970990581
1137,1138,43933,4.072845813114122
1430,1431,7996,4.071504052904416
1287,1288,9014,4.0707728829019265
2125,2126,2355575,4.069001831498456
1590,1591,13667,4.068511834218383
1735,1736,27833670,4.067794962390636
2089,2090,15309,4.067130670203647
1767,1768,34504,4.066405663783976
1309,1310,85301,4.066256585756008
2016,2017,4588949,4.06544276708295
2237,2238,110391,4.065244970230301
1679,1680,114159,4.065051344553732
1611,1612,10305231,4.063814946374068
1758,1759,121127,4.063278157474705
2661,2662,544257,4.060897396931321
2167,2168,169848,4.060609172122687
1949,1950,102458,4.060569455803928
2778,2779,16001443,4.060454914766908
2857,2858,6070950,4.05862075303712
2156,2157,286957,4.0583738368317
2386,2387,71776,4.058272470048211
1875,1876,10428708,4.057958013281127
2511,2512,105552,4.056346103108844
14,15,48855,4.098005977604378
42,43,10210,4.096760755268288
157,158,6310,4.091888282050453
164,165,13497,4.09144274558834
299,300,39999,4.087710919411284
354,355,3236307,4.087539037757748
285,286,3063499,4.086972265604545
451,452,16101128,4.086664291670749
367,368,119324,4.085839147466202
327,328,14866,4.085505612966395
517,518,34268,4.080911716459204
551,552,3462,4.078075345659599
941,942,15858248,4.0771668598248025
703,704,4687,4.075800555166501
819,820,28921,4.072674210632513
743,744,6708,4.072422164581652
906,907,5598113,4.072304995420263
1044,1045,18126198,4.070926376286551
1127,1128,61975,4.070568367411485
793,794,16130549,4.070546347037875
1042,1043,1809465,4.06978276788113
965,966,425029,4.069769800820613
1022,1023,35231,4.0696032022717725
1125,1126,263145,4.069298040841371
1015,1016,32263,4.069235706136537
1070,1071,234184,4.0676928936989345
1216,1217,11901,4.06678123073773
1268,1269,16213,4.0645472006436485
2103,2104,9627755,4.06416371676997
1276,1277,73186,4.0628827315067735
2275,2276,16134782,4.062132247728398
1677,1678,13376,4.060888880194611
1370,1371,1713426,4.060844257831584
1663,1664,18521,4.060212622865297
1386,1387,7726143,4.060152212432456
1473,1474,15819028,4.060126492311588
2302,2303,30241,4.058957619867022
1745,1746,13153,4.057324500284298
1986,1987,10617,4.0572272186466405
2344,2345,10215349,4.057022120620362
1799,1800,22590,4.055039477530386
2185,2186,10104,4.054866137461854
1830,1831,12849385,4.0539884864528855
1843,1844,96647,4.053448125283312
2202,2203,149572,4.051958821744982
2372,2373,21718,4.051569441970559
2240,2241,40445,4.0513629513435925
73,74,99561,4.085627939311008
127,128,11084145,4.0840095455619565
617,618,8921,4.071567430765376
587,588,15769,4.070325088586765
998,999,37741,4.065558319587629
783,784,10929,4.064834521042399
1086,1087,19057,4.063132595863534
1304,1305,297249,4.063091884484901
1018,1019,414999,4.061879707932087
994,995,11408650,4.061138091668968
1297,1298,59263,4.0572616685677705
1633,1634,2402971,4.056803722342703
2082,2083,476543,4.055435364797423
1465,1466,321552,4.0547650826023
1764,1765,858719,4.053943580054712
1808,1809,201341,4.053183148580125
2264,2265,6686092,4.049748917965152
2364,2365,261240,4.04968499699164
2986,2987,11454587,4.049572872097523
2110,2111,22374,4.048276280473619
2256,2257,14940,4.0481308991271625
3648,3649,8135807,4.0473396119418
1646,1647,7704143,4.047120397034597
3200,3201,6388558,4.046993017442034
2975,2976,91248,4.046844739694131
32,33,930,4.077618414157184
220,221,60748,4.070940545973939
241,242,13145,4.070939415316867
291,292,140225,4.070808881767999
362,363,6936382,4.069371093703676
349,350,7745,4.068322356557025
359,360,7082,4.0679405251725775
322,323,9717,4.06703243875047
343,344,4138,4.066821547125404
371,372,10176,4.066289038673429
404,405,4980,4.065427817107079
568,569,13152,4.06502812544556
666,667,5664985,4.063429697488517
647,648,7664041,4.063005121973734
618,619,11468377,4.062054668691908
784,785,32669,4.058176396326446
1031,1032,44652,4.057255396073867
652,653,2526,4.057149313216469
901,902,32508,4.057125258914601
1284,1285,10194514,4.056315739192491
1013,1014,8698,4.056308010001668
1775,1776,11381643,4.054712282889815
535,536,17878931,4.054323639800655
1742,1743,14061955,4.053316416705997
1152,1153,33456,4.053286291357416
1366,1367,43545,4.052921245107639
1693,1694,40317,4.05219721233762
1034,1035,10884,4.051532430128466
1806,1807,10626594,4.05132260707793
1487,1488,460548,4.050261356519432
1737,1738,5310515,4.049717237468419
1647,1648,505304,4.0491739715849056
1649,1650,37677,4.048738036675655
1824,1825,91253,4.047795341380302
1556,1557,6512154,4.046881471190184
2070,2071,11925514,4.0467922989682155
1506,1507,1134122,4.045929853275738
2604,2605,190361,4.0455131009452145
2713,2714,9462795,4.044704101241416
1926,1927,401514,4.044646286181498
2195,2196,76683,4.043985007170682
2157,2158,17136,4.043968351148009
1896,1897,2743,4.043659685877783
1749,1750,4866,4.043639002834361
1831,1832,2161733,4.0436129086544215
2444,2445,91661,4.0435842863079055
1869,1870,455925,4.042741582659256
2948,2949,693016,4.042489131532749
2120,2121,6977769,4.042268032371233
2052,2053,5527,4.041915340401434
2026,2027,374233,4.041555992784976
3191,3192,18528454,4.04123971750038
45,46,43641,4.0674902650231095
68,69,11735983,4.0668272764938616
178,179,252577,4.063573230965021
270,271,18373,4.062138332573656
376,377,16793,4.060009898309921
433,434,7791997,4.059585126364387
516,517,4268157,4.058385384787249
524,525,9593911,4.0575003231496645
493,494,29044,4.056709554486927
475,476,7069,4.056626616697773
566,567,10032672,4.054630903406126
662,663,2767,4.054397988059443
767,768,21686,4.05201350518991
799,800,821611,4.051237026003175
895,896,80660,4.050450384795273
1195,1196,18130,4.048307598104115
1059,1060,315425,4.047085734898652
1158,1159,77163,4.047014216213427
883,884,23164983,4.045624029408288
2104,2105,38619,4.04479894461519
1568,1569,143534,4.044125998285165
1763,1764,2179276,4.042983469786153
1628,1629,13662,4.0428437888655315
1325,1326,22551730,4.042839019620948
2115,2116,22055262,4.042833718495206
1685,1686,189802,4.042380365396541
787,788,23955,4.042302320929492
2281,2282,3393124,4.0416206969798925
1599,1600,220970,4.041093803700762
2549,2550,30242,4.0407072055485695
2272,2273,29981261,4.0405796591525185
2029,2030,64854,4.040352496828956
1714,1715,943402,4.040249522755326
2445,2446,356321,4.039751038726713
2802,2803,8788554,4.0396564102624195
1825,1826,98427,4.039515188419526
1757,1758,6259,4.039403278819787
2686,2687,6431790,4.039074937856529
1867,1868,14064,4.03832941652588
2815,2816,9284655,4.038050260454147
2003,2004,5306,4.037969016258292
1047,1048,108229,4.037793362894876
2379,2380,72159,4.037185557980539
1854,1855,773038,4.036249031207377
43,44,15931,4.057831561344375
63,64,10917,4.0573774156840425
64,65,4981,4.0573260272545
75,76,14935,4.056957151883299
89,90,231804,4.056611085680239
118,119,38447,4.056342878172565
94,95,5297,4.056239290121104
113,114,6900,4.056028489006755
228,229,24213,4.053786841805779
398,399,3950967,4.052717520420453
369,370,7090447,4.051333542278556
469,470,17851885,4.050710049766015
442,443,51738,4.050242866293089
412,413,7190,4.0499577417714825
474,475,8492825,4.049866278749074
479,480,18122,4.04983041078166
529,530,12957,4.049046627321796
686,687,1067,4.046149341938703
1275,1276,7488244,4.043167818962307
996,997,136116,4.04232477140176
896,897,112537,4.042316078957859
1067,1068,29209,4.040540574686679
1166,1167,6656,4.039395818138015
1778,1779,11918,4.039005393758044
1314,1315,25179,4.038716572593772
1492,1493,130580,4.03859390375535
1583,1584,18545,4.038051874526614
1688,1689,1158967,4.037708002522015
1740,1741,131359,4.037611265946558
1485,1486,83346,4.037202862713549
1845,1846,17876893,4.035999658374164
2314,2315,24335,4.034818034139923
1461,1462,11529868,4.034703690833897
1756,1757,27252,4.0343260461658295
1769,1770,15729539,4.033987233102609
2198,2199,89723,4.033530871316005
2849,2850,46202,4.033419999647207
1880,1881,100365,4.033389302160129
2401,2402,1537534,4.03296213884854
1909,1910,93101,4.03294179328921
3175,3176,261122,4.032815026471784
2940,2941,16429619,4.0327679242967545
2022,2023,186190,4.032631
2212,2213,32424,4.032235245748882
2321,2322,9500416,4.0320518181802125
2399,2400,92147,4.031706970172207
2452,2453,149302,4.031475733231973
180,181,168642,4.0453567512570805
246,247,36072,4.044482902398711
288,289,76620,4.044114400490884
272,273,1103,4.0438956366807295
315,316,9791,4.0432609198030525
335,336,13137,4.042863784823887
365,366,2203,4.0423579798527065
437,438,6469165,4.040507107207719
623,624,140075,4.040366630518915
695,696,43814,4.03923663354492
999,1000,10194157,4.038865761953386
757,758,32145,4.037999628373854
927,928,17675462,4.037942494454189
1142,1143,16102004,4.037148326977538
753,754,6366437,4.037057564719536
981,982,40024,4.0357808969388085
1119,1120,21348,4.0348510029484075
1252,1253,152380,4.034140799037649
1324,1325,1914973,4.032712355547041
1404,1405,6080337,4.032100156574754
1112,1113,51893,4.031556006582688
1719,1720,7664334,4.031540568141526
1573,1574,18423,4.030933571188491
1726,1727,357,4.030437191638551
2207,2208,16001893,4.030426461548051
1459,1460,24,4.030321864203968
1886,1887,15638,4.029482369614418
2288,2289,41424,4.029461973395211
1751,1752,77262,4.028680033439967
3230,3231,8379374,4.028454658124537
1906,1907,93007,4.028175556317239
2470,2471,28876,4.028054030810258
2350,2351,232123,4.027609140330263
2169,2170,16790,4.0275789582816905
3106,3107,16062211,4.026815951363419
2636,2637,89724,4.026815129773022
2295,2296,232145,4.026795668455805
2023,2024,11991,4.026723569847905
41,42,1934,4.038804327321558
116,117,18131,4.037637313382616
93,94,320,4.037080252509083
185,186,37470,4.036322983649723
207,208,6493208,4.036289307901579
320,321,10365,4.034986484944356
384,385,8520610,4.033617330665307
534,535,8490112,4.033514604828349
491,492,7967,4.03244088827338
476,477,78129,4.032392167736386
533,534,1044355,4.031913625152709
664,665,6690798,4.030763319786488
691,692,1472878,4.030478490110079
890,891,91477,4.029816651643928
880,881,63697,4.0291812592552585
977,978,11559200,4.028831425137701
1171,1172,114954,4.028644562525834
1136,1137,227865,4.028543906904912
1272,1273,30264,4.028280347608603
1414,1415,10127019,4.027810411061157
992,993,12875258,4.027742838449724
931,932,76865,4.027713245958022
1159,1160,2052,4.02763612496565
1538,1539,30555488,4.026276602097157
1030,1031,4631,4.026022019969292
1766,1767,6604794,4.024928786815289
2182,2183,8204005,4.024526745570181
1577,1578,32439,4.024339565643114
1298,1299,9566,4.0241379198767575
1957,1958,7933617,4.024127376570322
1762,1763,33668,4.023946801583403
2419,2420,3992598,4.023914360965019
2181,2182,3099787,4.023830240781928
1619,1620,14817,4.023672740089936
2048,2049,78039,4.023362629692751
2548,2549,30246,4.023349780028641
2261,2262,153008,4.023332079297071
2683,2684,187811,4.023243731679145
2073,2074,6539,4.023159194502461
1962,1963,31259,4.02250765723414
3137,3138,65840,4.022502727619617
1881,1882,9572203,4.0224782356058775
2065,2066,762806,4.022341490873203
2001,2002,18386,4.022242501970588
1698,1699,21104828,4.0222406734266585
2054,2055,43931,4.022217479232422
2705,2706,73070,4.022161688207138
3144,3145,17448960,4.021587176893101
3115,3116,10345927,4.021449422081066
1853,1854,10872085,4.021126187444143
19,20,7260188,4.029351631060586
85,86,32542,4.028212890029954
29,30,8442457,4.027937492321534
123,124,7937843,4.027933329323957
184,185,9361589,4.0275740219455525
206,207,6853,4.027357646020639
256,257,13023,4.027029298874203
281,282,17061,4.026805951385227
446,447,2248573,4.025482138669205
358,359,16115612,4.025250606721872
562,563,140082,4.024866108687294
536,537,12609433,4.024205685000545
614,615,22205,4.024081076398844
833,834,4502877,4.0236281340419655
879,880,2800905,4.02341371489023
694,695,18214414,4.022911671743403
856,857,902,4.022781702364356
1057,1058,16331,4.021544316572419
1020,1021,25460,4.020861957413685
1558,1559,12716010,4.0205188639023035
1395,1396,259836,4.020264923306828
1464,1465,187181,4.019784243305639
1723,1724,7402393,4.019676439186165
1661,1662,6693,4.019337136678856
1302,1303,347852,4.01883918232209
1575,1576,7912007,4.018777083607356
1560,1561,130440,4.0186994325102825
1637,1638,253058,4.018413046026825
2532,2533,16069030,4.018313293975238
1871,1872,84847,4.017341998708319
2995,2996,7896345,4.017283203307139
2141,2142,1375,4.01715485993238
2474,2475,41667,4.017034804396092
2260,2261,21445,4.016748111949438
2365,2366,1715,4.016350920495915
1914,1915,17800,4.016113680901788
2254,2255,361459,4.01610370843705
6867,6868,28257707,4.016101170780553
90,91,6186357,4.01903923464132
99,100,7244,4.018755654944086
146,147,1217100,4.018551765212103
203,204,5326,4.0183215502951715
171,172,15823480,4.017840275602576
422,423,16248068,4.0173442773206
449,450,47212,4.017004906540793
379,380,11297,4.0167511690888125
495,496,1295,4.016632567543542
441,442,830,4.016629788986639
651,652,140079,4.016417957294563
457,458,20170404,4.016371955163148
640,641,84369,4.016339898317685
903,904,10140661,4.0154500111614855
682,683,3463,4.015368352418539
718,719,76334,4.0150353154935505
1085,1086,30281,4.014968381916032
1079,1080,12294652,4.014889601046374
1092,1093,8652190,4.0148616583923395
1160,1161,4799,4.014039031063623
1496,1497,348573,4.0136903452342425
1095,1096,706,4.013673474280597
1240,1241,10587120,4.013525397895883
1820,1821,2292384,4.013463927681601
1974,1975,65110,4.013263754425971
1784,1785,99300,4.013085893870546
1980,1981,15852756,4.013055223326194
1819,1820,5047880,4.012801971188068
2253,2254,22489107,4.012732279492239
1533,1534,15158,4.012690719144427
2641,2642,183656,4.01240562594849
2019,2020,603204,4.012202324178901
2151,2152,1651302,4.0120509072361665
2122,2123,74532,4.011958315800762
2057,2058,23604559,4.0119074013193945
3003,3004,15757434,4.011893223692016
2013,2014,185911,4.0118686094802225
2030,2031,6531,4.0118525707878065
2004,2005,10950924,4.0118486648252105
1848,1849,17623975,4.011759919061171
2856,2857,188230,4.0114437142664885
2397,2398,79378,4.011442512491733
2500,2501,34502,4.011366012063132
2389,2390,18712886,4.0112467236772
2061,2062,45162,4.011171572834467
2567,2568,13131,4.011143661001654
2744,2745,6537,4.011130445872584
56,57,37435,4.009665093451764
151,152,5526,4.009335041537764
238,239,8908,4.009094445179332
287,288,19691,4.00897040422293
331,332,65605,4.008963872093042
268,269,366522,4.008945349753022
284,285,16181775,4.008904937101311
298,299,7933292,4.008810105311507
430,431,28877,4.0086361868598885
631,632,10429045,4.008525946293219
630,631,170210,4.008477843151081
510,511,6534,4.008461915576985
521,522,49628,4.008343173674187
723,724,2233407,4.008331567607866
747,748,5161066,4.0082783635643535
830,831,1295102,4.008015292771864
790,791,6614960,4.007894927317498
1396,1397,37586,4.007787492665505
1288,1289,172327,4.007555096252036
1451,1452,85990,4.00740464946751
1765,1766,12680907,4.007225137675546
1412,1413,11594257,4.007214287302587
1101,1102,32370,4.007127448677685
1167,1168,48757,4.007112572163904
1378,1379,13136,4.007082590999887
1447,1448,67035,4.007060576250751
2152,2153,15717876,4.006824096831396
1641,1642,11334,4.006819875294491
1317,1318,51504,4.00680526583357
1494,1495,87640,4.0067907464224755
1967,1968,34262,4.006749552294722
2658,2659,12513614,4.006681141652561
2055,2056,187065,4.006585015616262
2325,2326,24384,4.006478635535833
2698,2699,11096647,4.006385616488627
3521,3522,4447622,4.006351931570293
1748,1749,263050,4.006332567463064
1754,1755,14554,4.0062624900874955
3165,3166,139417,4.006156563765189
2252,2253,39020,4.006131379456609
2060,2061,17333319,4.006102880638201
124,125,1420,4.000161523610838
201,202,6339664,4.000183860656618
233,234,439288,4.000224192643744
312,313,13158800,4.000316074132185
330,331,10916,4.000342949263855
380,381,5168,4.000360677977757
396,397,343,4.000410369241544
407,408,1842,4.0004230637500795
593,594,357664,4.000460023773906
571,572,46756,4.000467133645974
665,666,2744,4.000503368739595
573,574,33313,4.00051331371251
1019,1020,37190,4.000583626461934
697,698,13539044,4.0005917937957465
1003,1004,9961796,4.000601968355045
900,901,4965,4.000618896275196
1010,1011,1379961,4.00065727838611
873,874,13547180,4.000671744130991
974,975,105992,4.00067522862891
1088,1089,34507,4.000693368112914
1118,1119,13890,4.000705617346999
1475,1476,297792,4.000734778018307
1694,1695,41684,4.00081917442067
1476,1477,31242,4.000829119000982
1115,1116,7913305,4.000866240216685
1423,1424,220969,4.000871747537108
1658,1659,530965,4.0008994956774355
2124,2125,24780,4.000921161726227
1956,1957,31122,4.000922569486398
1857,1858,13132,4.000930635198262
853,854,22290,4.000937053338612
2149,2150,132336,4.000986636741566
3120,3121,9462812,4.001036156394174
2127,2128,77156,4.001041254142816
2317,2318,998,4.001058332619529
2670,2671,41977,4.001058345072039
1984,1985,8520362,4.001074130420765
2530,2531,6255144,4.001081921136671
122,123,5358,3.9909455166151075
170,171,6969,3.9909992088286703
179,180,52036,3.9912113764735784
231,232,43615,3.9913398114523586
276,277,15783514,3.9914944370098318
334,335,6689,3.991606917259448
279,280,11614718,3.9916793132821193
348,349,11590,3.9918554729705438
378,379,8667848,3.9918697386144792
592,593,13642,3.9925522422416635
632,633,17214,3.992812659462908
836,837,13262783,3.9930720228982333
762,763,11337,3.99331451327671
1076,1077,21326,3.9935228055177223
928,929,547094,3.9935787528539817
715,716,531350,3.993720165896717
976,977,15645,3.993892857036741
1154,1155,334123,3.9939372320330726
1184,1185,306654,3.994057933656033
1029,1030,10996342,3.9940767415804936
1523,1524,27161156,3.9941093781411525
1189,1190,10054335,3.9942925113834704
1054,1055,14836,3.9942939476772867
1773,1774,65111,3.9943692962054387
1233,1234,67920,3.9944077379619802
1392,1393,30933,3.994544043458129
1976,1977,65112,3.9946310379563537
1530,1531,262430,3.99463940912525
2290,2291,355917,3.995243214952831
2590,2591,743599,3.9953868979199747
1828,1829,226162,3.995500510707397
2199,2200,7182899,3.9955910854498438
2107,2108,395233,3.9956175054128535
2241,2242,34993,3.995892093011073
2113,2114,2138727,3.995922282592876
2618,2619,355916,3.995965839429502
2276,2277,13128,3.995991694173915
96,97,17245,3.9813802752139495
112,113,168668,3.981507513370019
114,115,2187,3.9817211869311437
172,173,227463,3.9819291077017716
177,178,6514,3.9820580610527077
244,245,2839,3.982405662087814
221,222,7869,3.982474412932148
216,217,21996,3.9825996522028833
345,346,236093,3.983156960225176
395,396,3367956,3.983822226868333
482,483,5113,3.98469695074745
670,671,16343,3.9851596030894703
613,614,17690,3.9852687574627192
825,826,5659,3.9854991426609643
804,805,6917952,3.9856299463806226
685,686,3466,3.9857261270125113
677,678,18293427,3.985823193350442
687,688,10847,3.985945798496285
786,787,7821447,3.9863435416482433
847,848,12555,3.986462061636621
1063,1064,5890,3.9867891436870053
1243,1244,5152478,3.987077601265552
1052,1053,5093,3.987229700846358
1943,1944,51428,3.9874384925596154
1143,1144,14249,3.9876183239060903
1145,1146,102920,3.9876989298490244
1077,1078,1633,3.987805259821708
1356,1357,29797,3.988370982569225
1958,1959,6048530,3.988517572105743
2363,2364,12900174,3.9888377582858396
1535,1536,43892,3.988959880194734
1643,1644,227571,3.989047258502118
1713,1714,12557,3.9891202600723803
1516,1517,13281368,3.989314209954043
1091,1092,17288661,3.9893563957388687
1902,1903,13324841,3.9895221583667375
1609,1610,13127599,3.98964739751566
2046,2047,40493,3.989730449701203
1699,1700,15811545,3.9898346518106305
2214,2215,80674,3.989905548175774
1442,1443,11827808,3.989987975403321
2008,2009,14996,3.990184265774956
1600,1601,26329,3.9902691016519287
2183,2184,13143,3.9903673828685555
1728,1729,22816087,3.990634598741617
2987,2988,32979,3.99067897735305
2423,2424,69136,3.990827473641988
2983,2984,2986865,3.9908641438963457
1989,1990,11331421,3.991015873162799
2050,2051,13872,3.991078970667462
54,55,5129,3.9712424647463065
47,48,4381,3.972160984346372
100,101,4137,3.972461958027309
204,205,43763,3.9731950940864733
262,263,24337,3.9734762119062372
226,227,5359,3.97365942854987
248,249,4588,3.9739357769563064
455,456,12220,3.9756105831268984
428,429,34497,3.9757051167785846
526,527,110494,3.9757057325666993
460,461,1078,3.9759189882296826
403,404,11367726,3.9759241622052333
638,639,93,3.9771223371454134
650,651,480204,3.9772547640910503
624,625,5166,3.97758604326712
615,616,14864,3.9777986375417136
777,778,30597,3.978213276934455
854,855,1625,3.9782257506885643
1060,1061,703292,3.979000965230362
1224,1225,131123,3.9794151528235417
871,872,11989,3.979656488500729
1058,1059,227651,3.9797508934712598
1041,1042,365,3.9801173474592817
1548,1549,324277,3.9805695085636366
1589,1590,91244,3.9812914180860477
1666,1667,8492856,3.9819392825742277
1251,1252,11869272,3.9819435986470797
1318,1319,469571,3.982068483199321
1364,1365,37380,3.982158194776281
1615,1616,136782,3.982162782542072
1519,1520,164154,3.98226220690887
1313,1314,22463,3.982560442316009
1282,1283,227265,3.982663710979087
1005,1006,11887020,3.9828962846582847
1731,1732,209194,3.983609317795411
1690,1691,36529,3.9836764985692783
1910,1911,7093952,3.983707849603511
2576,2577,127459,3.9838157577818323
2482,2483,16033902,3.983912477758303
1660,1661,6905012,3.984090931291484
1952,1953,54499,3.984224091384627
1844,1845,58027,3.9842771064338924
2561,2562,15783307,3.984443914930243
2234,2235,16322,3.9845920756405517
1925,1926,69242,3.985053659247405
2187,2188,14250,3.9856531132450925
2227,2228,95558,3.986057267014976
148,149,4374400,3.9631805917004
83,84,7677,3.963542925031679
196,197,301082,3.9637505902623875
161,162,49552,3.963751922640032
189,190,12262741,3.9641149519772503
391,392,389627,3.9658535181620485
346,347,121749,3.965946583784368
344,345,45978,3.9659510990883122
342,343,24192,3.966566773207641
377,378,33917,3.967689130859501
589,590,58696,3.9690417544834538
813,814,6262365,3.9702830864222087
1139,1140,5287473,3.9714757608002147
1065,1066,5821978,3.97188123634362
864,865,10628,3.971920649260331
865,866,126232,3.9720595862108583
1049,1050,2118745,3.9723112499227033
1051,1052,3720975,3.9732027472702125
1246,1247,228296,3.9744558124387104
1706,1707,232576,3.9746009451227993
1190,1191,61179,3.9746813887148935
1636,1637,9378297,3.9752223984470785
1331,1332,360,3.975263445983636
1332,1333,10883,3.975549973457763
1410,1411,15622,3.976150383165109
1293,1294,43369,3.9764333966015344
1630,1631,608474,3.9770611265335276
1823,1824,162089,3.9772421716713207
1709,1710,7507825,3.977977137592826
1708,1709,16433,3.9780404245168555
1917,1918,189783,3.97878325229221
2118,2119,28249,3.9793333915816973
1863,1864,259538,3.979372313302129
1855,1856,79790,3.97999928664954
2213,2214,21436,3.980077410221339
2931,2932,7728889,3.980242597494347
2250,2251,7159515,3.980311436544652
3410,3411,6261522,3.9805573245802996
2369,2370,93263,3.9805622054394476
2494,2495,222458,3.9806192387043398
2051,2052,1540,3.9808112391608645
2422,2423,3684856,3.9809808942892966
2486,2487,68494,3.9810943438921473
37,38,14050,3.9527213425684318
103,104,6288,3.9539253218963575
280,281,32499,3.956504041740342
416,417,40440,3.958427113957134
394,395,46170,3.9590744324030727
490,491,2866718,3.9592038463572266
468,469,41899,3.9594396381136794
419,420,3478,3.9594735285637546
601,602,65641,3.9601302949011026
402,403,10534,3.960282016831786
581,582,69571,3.9609981044747014
872,873,78418,3.962510463041517
706,707,53496,3.962573821655659
990,991,8909152,3.9646286597265608
882,883,78433,3.9653573796728008
1068,1069,6402364,3.9669969198553066
1130,1131,47401,3.9670288000135114
942,943,4136,3.9673289003433236
1016,1017,17572903,3.9675560817447737
1736,1737,23174274,3.9679361302753677
1163,1164,11250053,3.9688974675630506
1593,1594,854757,3.96916641591638
1424,1425,10757833,3.9693443017131256
1826,1827,65118,3.9699535597105626
1640,1641,248596,3.9702389161680047
1329,1330,170548,3.9705276349644323
2006,2007,113304,3.971040455434607
1344,1345,25574782,3.971049343686297
2037,2038,6267237,3.9714740118613916
1457,1458,3388,3.9717224173455064
1895,1896,1000751,3.9719570437168557
1238,1239,23878,3.9720313224562616
1620,1621,6452796,3.9721020008613364
1467,1468,147865,3.972251888508093
1973,1974,19581,3.9727767814405155
1813,1814,8492768,3.973002229971497
1948,1949,3102,3.9730242287837356
2867,2868,13223520,3.9731831686187746
2011,2012,13140,3.9732457969405193
2800,2801,13628209,3.9732938136982585
1805,1806,5174,3.973416775157242
2310,2311,61549,3.9738022964256956
1816,1817,41716,3.9743182841245077
2384,2385,91981,3.974869256385257
2342,2343,108077,3.974948019334331
2725,2726,15283043,3.9750835373480298
2375,2376,99085,3.975562957836968
3217,3218,3657138,3.9756314572125833
61,62,119322,3.9425659275569878
81,82,1845,3.9437070120597473
105,106,9418327,3.9446649769615947
247,248,1622,3.9468030792311106
271,272,6952,3.948391576793946
339,340,7747374,3.9486697473042423
366,367,14995,3.950335020183007
496,497,3685,3.951382351620648
629,630,16071764,3.9544500531641846
569,570,285092,3.954514621557397
917,918,114955,3.9571255779004524
859,860,30868,3.957477150151795
934,935,43035,3.9580720659026802
1232,1233,150037,3.9595215730866724
939,940,18693716,3.9598742714464197
1214,1215,816953,3.960358246400849
1257,1258,31456,3.960671421029621
1353,1354,51497,3.961039189291527
1444,1445,331920,3.96122017344526
1365,1366,16131484,3.9613890566402077
978,979,18816603,3.961709329148474
1342,1343,34506,3.9619627458053586
1326,1327,77270,3.9636052738153023
1249,1250,412732,3.9646664079269627
1517,1518,17125,3.964852729868639
1725,1726,100464,3.964923328356461
1588,1589,10579,3.965034521755544
1508,1509,17728,3.96511356686454
1499,1500,11298,3.966508279752481
1903,1904,18310944,3.967153602638618
3421,3422,16070521,3.9674130788520072
1743,1744,465226,3.9680405065044893
2357,2358,7930335,3.9685839156138223
2510,2511,6642402,3.9687603645063003
2566,2567,9917938,3.968770087031727
2062,2063,40189,3.968949833812399
3296,3297,17202452,3.9697808648921344
4364,4365,13565914,3.969818428568092
1777,1778,91767,3.9700267344686258
3444,3445,235718,3.970271313021312
2915,2916,12476820,3.970559726840741
2093,2094,9583508,3.970766317230119
2130,2131,19117,3.9707893205002205
2546,2547,79379,3.970906725318824
2723,2724,27323,3.970988126426877
2064,2065,10163292,3.9710635311254814
76,77,38709,3.9337586542250875
91,92,1202,3.9352432057605164
236,237,10592,3.9374489452355372
258,259,7631105,3.938548379399562
265,266,13148,3.939387911396375
325,326,32234,3.9403362712627845
448,449,676924,3.94202829302924
633,634,12033455,3.9459693362313533
782,783,4134071,3.946542482234806
898,899,53835,3.9506242416883843
885,886,17235026,3.951051574013106
960,961,19089,3.951625141599507
989,990,6732019,3.9528539840028696
1122,1123,13440,3.9540221215941838
1359,1360,472343,3.9558025449871805
1135,1136,5941033,3.956327908948774
1360,1361,1278752,3.956699578100296
1176,1177,7619057,3.957586047484747
1964,1965,20821111,3.9590605168336057
1809,1810,23848559,3.9594027393659506
1645,1646,9534,3.959623749616421
1550,1551,29437949,3.9599609599670433
1718,1719,32435,3.960446661137964
2137,2138,7023554,3.9606361295502825
2194,2195,2325825,3.961313950821231
2226,2227,6408862,3.9617011527460604
1841,1842,111180,3.9617919494805385
2531,2532,15820748,3.962037329065211
1624,1625,1846,3.9624722463774473
1755,1756,276287,3.9625321290058784
950,951,22283,3.9627102209989573
3000,3001,704043,3.9630222033627307
1912,1913,9301,3.9630339816923317
2033,2034,33454,3.96308671893473
2982,2983,13138635,3.96464626197226
2513,2514,15719,3.965034112365462
2296,2297,14706,3.9651442047978467
2489,2490,721012,3.9652797521412295
2249,2250,10538,3.9653943549296278
2313,2314,10979,3.9656408037869273
126,127,2612,3.9263478141471055
225,226,5886881,3.92900982286909
130,131,4395,3.9292858145480767
356,357,355697,3.931628593302466
234,235,17802724,3.9323525933328334
434,435,6482837,3.932917510842663
243,244,66559,3.933554247340249
406,407,5826,3.934457869637314
454,455,42155,3.93580653166831
755,756,6644117,3.936946000047711
622,623,18775247,3.9402170048531913
1087,1088,31463,3.9462625707286323
1380,1381,27003,3.94662396561764
1024,1025,7214,3.9474007821647104
1338,1339,813214,3.947407013889397
1206,1207,62111,3.9482578561702057
1695,1696,27266,3.948472697664705
1260,1261,10611,3.949658981857737
1361,1362,13891,3.9500175539972515
1996,1997,9565548,3.9502541320323328
1402,1403,6587879,3.9514348099598937
1597,1598,29999,3.9538114265522992
1510,1511,21535271,3.954162653638016
1437,1438,103610,3.954248648452369
2293,2294,7137327,3.955072038525702
1569,1570,7442,3.955184311178658
1586,1587,6617928,3.955371307764075
2263,2264,11746513,3.9558782965713775
1936,1937,25350,3.9572141790163284
1977,1978,14241,3.9591412273842463
1968,1969,475,3.9595611311619567
2560,2561,51019,3.9604726878032404
304,305,10583,3.922724609180447
370,371,350,3.924481339401082
435,436,9777,3.9283342329949646
595,596,5349,3.931207254166772
956,957,6654313,3.9327427161279083
1032,1033,438492,3.9337025455590173
828,829,3087,3.93505677497807
820,821,10766509,3.936107486926471
866,867,3867,3.9371440533483946
940,941,11899,3.9373237523490157
947,948,187020,3.9387019115721067
1100,1101,1609451,3.939678714431345
1584,1585,9409458,3.94001695821156
1390,1391,28195,3.940684491148775
1607,1608,7719245,3.94127580389216
1539,1540,106085,3.942169272967196
1549,1550,6574102,3.9423795377478346
1847,1848,6381205,3.94316927218909
1155,1156,611298,3.943769462987335
1744,1745,6050678,3.9443699125805383
1096,1097,89375,3.9447256248801503
1194,1195,13602426,3.9447284926203077
1448,1449,28,3.94504394163453
1403,1404,10414941,3.9451598383428794
1788,1789,4325,3.945998908251733
1741,1742,207153,3.947607508244857
1770,1771,337113,3.9476737677468483
1711,1712,338691,3.9477079243253748
1585,1586,607639,3.9505279480278204
1623,1624,298275,3.9511702796001287
2267,2268,462033,3.9516487008698906
2337,2338,89763,3.9519785293673992
1838,1839,454856,3.9524098744264227
2164,2165,165030,3.953857667674819
1147,1148,12391521,3.954447927123153
2657,2658,34510,3.955085957180552
117,118,7763,3.9075435534506835
131,132,3431,3.9085521552009
319,320,13526165,3.916355524006214
541,542,84119,3.918183150114097
642,643,1326258,3.918896505491759
447,448,56495,3.9198317527446944
537,538,386187,3.9200683481670695
547,548,162085,3.9212547691576973
603,604,68783,3.922529385297601
669,670,11573,3.924141919180672
586,587,256566,3.924314156083468
763,764,5971165,3.9260913799990673
744,745,12868761,3.926298111111808
705,706,54479,3.926525407374741
771,772,30289,3.927723303553551
891,892,15751404,3.93199184222928
1201,1202,60792,3.9346351041951317
1289,1290,12930,3.934729433635901
1207,1208,133266,3.9357261013501716
1181,1182,13596166,3.9361440854861014
1248,1249,140974,3.9362074094210255
1261,1262,112,3.9364217874360277
1453,1454,7714,3.937750417011226
2079,2080,24453082,3.9388095987354244
1915,1916,232109,3.940807316766773
1899,1900,10588,3.9439507641703644
1681,1682,10079321,3.945055262268498
2025,2026,6138,3.945912725167031
2501,2502,14740588,3.950117348909025
2370,2371,27126,3.950583851918614
4,5,4671,3.891690389267328
138,139,9460487,3.8970347331042308
115,116,24583,3.8977225631899066
210,211,40102,3.9018325989333325
232,233,9712,3.904177923743957
355,356,78411,3.9045421265504454
440,441,6320534,3.910530089609553
599,600,7740152,3.9113780832758946
425,426,310612,3.9117431151869786
473,474,14743,3.9126004912742554
466,467,297673,3.9128709562526227
620,621,37732,3.9138839115781017
525,526,17231,3.9141006193785204
713,714,12938,3.9160951505709587
663,664,251688,3.9169612642779583
648,649,10357575,3.9177045099264056
944,945,9369720,3.9186452900456192
1094,1095,213753,3.9240327055244197
835,836,13227454,3.924100737927154
924,925,16527,3.9252064668694846
962,963,5350,3.9260045903880054
1323,1324,781110,3.927446255186039
1372,1373,125404,3.9289995996469083
1043,1044,22716447,3.9299629788377697
1368,1369,368468,3.9303830940611206
1114,1115,11330361,3.9304849689363746
1970,1971,2753843,3.932955445573965
1400,1401,615570,3.933003974869868
1581,1582,48328,3.937189221887535
1953,1954,89717,3.937768194714817
2910,2911,30248,3.942565703442688
2088,2089,11768,3.9427747050192785
1559,1560,8564935,3.9433252275724335
1975,1976,25,3.9437665775797166
1959,1960,38500,3.9455458392597644
60,61,22557272,3.8847782603384444
44,45,4214,3.8848036551624254
153,154,8852,3.889340224194544
120,121,7604,3.8898188908139626
87,88,6442769,3.8899855149368636
95,96,13536860,3.8917110875232144
211,212,6867,3.8929268017365892
352,353,12996,3.8979201768255107
399,400,22328,3.9023017595067833
870,871,7091488,3.9097826620070357
699,700,16181,3.9102483317816326
634,635,10959,3.9132770677632167
800,801,6224935,3.915908533151752
991,992,3090465,3.9185111661017604
1221,1222,138959,3.9185617894131983
1050,1051,33512,3.91999639786558
1132,1133,11713,3.9201970296647692
1982,1983,11479285,3.92543667744682
1186,1187,13586707,3.927462810929081
1648,1649,5196,3.929565182605044
1969,1970,41219,3.9316525674415015
1515,1516,242472,3.9330050160715135
2696,2697,6448470,3.934015820418119
2539,2540,118944,3.93644137400917
2405,2406,49824,3.9384062665521764
2451,2452,64217,3.9384907124650934
2311,2312,234724,3.939315816017406
2278,2279,27,3.940275862208391
2390,2391,3552023,3.940421064138467
13,14,7613,3.872822464355676
98,99,11857408,3.8791498715985586
145,146,17333223,3.882395581225396
297,298,2493,3.8871125777277107
467,468,37415,3.894427959274755
444,445,9736930,3.894451072061438
486,487,7670,3.895331011407794
552,553,107291,3.897848195728533
610,611,7332,3.9009826370736382
702,703,10589,3.9015412185955283
824,825,5960325,3.9067222317831947
905,906,6643090,3.909099148899304
1493,1494,773858,3.923245389570507
1673,1674,9579634,3.92698942225641
2108,2109,34499,3.9291169147816714
2128,2129,62953,3.9301929182328905
1988,1989,761732,3.930510374793027
1675,1676,9593,3.9307148211750498
1873,1874,13642950,3.9308093856596207
1702,1703,17799,3.9310687299176847
2189,2190,6150,3.9313608075133564
2358,2359,6746018,3.9319852683106515
52,53,113436,3.86509786762215
186,187,24770,3.8719100644802924
313,314,28194,3.877902710103369
829,830,6931356,3.8928334250251
717,718,10975,3.8952250244752396
698,699,33507,3.895996794746725
897,898,43758,3.8984683549109866
921,922,231604,3.901276587661086
852,853,139463,3.9014342118437444
894,895,7815,3.9030351488902895
1140,1141,13099738,3.9033435048541527
1104,1105,106,3.907215667424282
1055,1056,535441,3.907232859194019
1271,1272,8600,3.908576299661731
1267,1268,12987977,3.91341848247352
1385,1386,5157,3.9136497196261253
2380,2381,1829709,3.920150940203923
1311,1312,11762,3.92034681792901
2455,2456,104378,3.9230457575939215
3131,3132,183660,3.923607706213735
1995,1996,180617,3.924849976598215
1466,1467,4912857,3.926882888895891
2116,2117,3398625,3.9271043185002963
8,9,960,3.853059186163146
59,60,1618,3.8568764346485525
147,148,2865,3.862283913800883
347,348,16143347,3.8698666537947286
286,287,2122,3.871876771826533
360,361,18254,3.8730353189527884
485,486,307791,3.876048145160248
518,519,24768,3.8766485250843967
576,577,84981,3.8790153330461816
684,685,2536134,3.8836528603087914
674,675,233667,3.8840922821055677
596,597,3836,3.885502974514801
604,605,40173,3.887157251246659
696,697,9118135,3.887663237005736
1061,1062,22918050,3.891078737115995
815,816,6101138,3.893391866896545
1045,1046,23453112,3.8961839546917796
1285,1286,111450,3.897346939967339
1134,1135,11012,3.9047139129503865
1151,1152,13624688,3.905130553721196
1156,1157,763362,3.906139101379673
1387,1388,5346,3.909980063057096
1527,1528,55399,3.9130812115370057
2471,2472,444304,3.913776629955138
2429,2430,58077,3.9169891037006064
2434,2435,9888775,3.9183312814740283
2279,2280,23228,3.919411512923062
1760,1761,6346975,3.919522732612288
1921,1922,32421,3.9195699540522337
1990,1991,8935689,3.91965216374683
1939,1940,567678,3.921624374155275
31,32,890,3.844413848016588
72,73,1656001,3.848419608196289
289,290,10335308,3.8600722225878163
305,306,5203,3.8621485523493204
381,382,6567017,3.8639959645259463
405,406,627206,3.8656770492485077
470,471,45032,3.867054184357065
644,645,544891,3.8748509902489583
735,736,16981,3.8805693670339645
846,847,5161,3.8863082988910636
1146,1147,7842288,3.888780101307321
971,972,32829,3.8910373262904954
1177,1178,62446,3.8929564698792305
1377,1378,25019,3.899205422319932
2331,2332,29639736,3.900492572723185
1187,1188,368593,3.9021230911622706
1536,1537,16180,3.9045276190515414
1308,1309,9439303,3.905625311997043
922,923,17402605,3.9069536620948324
1574,1575,3213286,3.9074720016466458
2036,2037,28214365,3.9081459655253585
1795,1796,68210,3.909990468426281
1815,1816,13055592,3.910237798917716
2155,2156,77507,3.9163813754997165
2346,2347,31340,3.9166989951850804
2687,2688,8546358,3.9169578453736937
2733,2734,18053060,3.917570183757871
2349,2350,13056159,3.9200633462012493
1911,1912,18467802,3.9205534538498297
155,156,42156,3.845897833528054
252,253,16160797,3.8508670694580767
263,264,3876,3.85168142159357
307,308,33724,3.852104540857504
340,341,1371,3.8550549572413138
374,375,1852,3.856677094476868
452,453,10920,3.8611367016550493
579,580,222078,3.864355519465498
556,557,10956,3.8652918371887517
523,524,114683,3.867106572313806
574,575,7669,3.8672807388518406
649,650,46787,3.8695113965200676
918,919,7354,3.8790209613326914
1162,1163,65119,3.879649653694203
1056,1057,5348,3.8882147254478903
1183,1184,46164,3.888878518246899
1220,1221,22695,3.891701455622619
1500,1501,252499,3.8939399698663593
2018,2019,2921082,3.900276154255663
1884,1885,42607,3.9025413240686104
884,885,359770,3.90330408949598
1659,1660,9850443,3.9062181537885126
2074,2075,93722,3.906831997940363
2414,2415,281235,3.9070446932617644
1543,1544,6192,3.907277994856547
3780,3781,9681214,3.9127936171008946
34,35,865,3.8255791954529226
62,63,6185,3.827954895135169
222,223,249747,3.8374766096234256
292,293,295,3.844200624846513
410,411,33722,3.85096332509599
655,656,852470,3.8591036918920616
621,622,15926,3.8637759354473387
760,761,6063187,3.8667011005878553
822,823,64863,3.8676165140486187
938,939,15776309,3.878425760483837
1131,1132,293101,3.881301737268723
1259,1260,7510,3.888163786570612
1081,1082,19288239,3.888666286151672
1343,1344,6516450,3.8903427353252362
1426,1427,153025,3.890523137876738
1241,1242,17262100,3.8924172380027984
1269,1270,9557,3.8924186403166074
1524,1525,113435,3.8930324145360276
1674,1675,5187,3.8964036980096126
2053,2054,5452,3.8966833426646916
1918,1919,7741325,3.897933786081575
1891,1892,16243,3.89794353171324
1644,1645,22285,3.902822527430973
2714,2715,7739934,3.907941755506958
1786,1787,20317106,3.9090092193820176
1987,1988,17568801,3.9110505884963027
82,83,1953,3.821629350672215
351,352,20910157,3.8370084026710214
498,499,28676,3.848091370755516
504,505,27523,3.849016218045113
658,659,88061,3.8564084723273604
772,773,47021,3.8571413186743264
770,771,9938498,3.8620680981459667
1128,1129,1081560,3.862793450885733
810,811,18812405,3.8655682865176653
1023,1024,6218281,3.8660001505984978
933,934,17716,3.8663565426471482
701,702,13486632,3.8691779943410447
1208,1209,13486122,3.8694656699476577
1522,1523,8525590,3.8727047967169863
1036,1037,5351,3.8748695287654007
1278,1279,13083,3.8778261407866514
1279,1280,12914,3.877956997519476
1074,1075,10625,3.8803805151217823
1638,1639,310146,3.882611856255436
1458,1459,15924,3.8864009123290324
1270,1271,17465453,3.8872113615377466
2292,2293,10429092,3.8900177803092157
2021,2022,857502,3.890926313172133
1578,1579,6472246,3.891840431274214
1445,1446,6486483,3.8935485185281276
1384,1385,20819685,3.893755162635543
1738,1739,2666,3.8947346920598616
2132,2133,9684523,3.8990748118166376
2900,2901,421129,3.901017888605624
2044,2045,42432,3.9010451956001226
2211,2212,7933437,3.90570443907572
1972,1973,93981,3.9060633256244337
57,58,2956,3.8083439407551074
267,268,6334,3.824765006551772
239,240,17212231,3.8252616836616844
385,386,233818,3.8299588304643075
450,451,50398,3.833712254741177
546,547,8909,3.8413367573024644
605,606,71728,3.847491572154376
681,682,14201,3.84750380268862
732,733,77142,3.847981041561054
803,804,12985,3.8499342676839223
855,856,12936,3.85321934736697
983,984,15997,3.8604257001627
943,944,10584,3.8610905520793084
1296,1297,10798416,3.863650640624341
1322,1323,769483,3.864920581881533
1039,1040,15790837,3.8676667649130385
1497,1498,11602,3.8782220316209077
2178,2179,26074181,3.8788948757360178
1413,1414,3464,3.879895741490084
1794,1795,11607,3.880338053730347
1684,1685,10915,3.8821980642233633
2269,2270,5453,3.885427057869739
1371,1372,16031620,3.888079416158658
2592,2593,3054684,3.8921234826449584
1999,2000,3086160,3.8948336623899653
2196,2197,50798,3.8966017261089423
2777,2778,1672727,3.899909705752785
7,8,5107,3.7941774354742224
25,26,968,3.7958534971363087
135,136,137791,3.807190992864043
245,246,30183,3.8117183682733
389,390,51496,3.822923514130433
420,421,8683812,3.8274025431927816
400,401,10799,3.8282629118403455
585,586,3682,3.830580077555185
850,851,43448,3.848029485223144
818,819,16902,3.8484190323507623
775,776,567616,3.8505786752978977
794,795,4271,3.8508950086052325
914,915,10585,3.851335346247681
1037,1038,310459,3.8549925818433457
1006,1007,35982,3.859879257812218
1192,1193,439173,3.860023055584806
1170,1171,28078,3.863091126788748
1425,1426,10913,3.87419978270031
1712,1713,9300,3.8799037945239414
1481,1482,22450859,3.8840158889932175
1612,1613,2195464,3.8863653111922343
1542,1543,13573236,3.8875065141230927
2123,2124,41193,3.888495443010996
2785,2786,386286,3.889561499945712
1985,1986,5345,3.892669918246481
212,213,485894,3.802468033342241
253,254,6068551,3.802937418589388
464,465,14758,3.8237590072534164
478,479,28862,3.826975217610843
700,701,14942,3.8314245828515534
657,658,3805,3.8374739429243814
838,839,24128,3.838220822268461
667,668,18693763,3.8409103325631944
1301,1302,8235178,3.8474536119596685
929,930,1736739,3.852352957373734
1717,1718,5454,3.864140541907841
1566,1567,5205,3.8690788445222433
1922,1923,4143,3.8863974364272593
2360,2361,325128,3.887058022481471
2210,2211,935308,3.887422386265008
2020,2021,690926,3.88935410772108
21,22,12232938,3.775790365553282
353,354,6149,3.804678060373947
375,376,7864437,3.8060077937445107
337,338,6280118,3.8061098237495714
424,425,46799,3.810096887940336
456,457,10692,3.8111713269042635
558,559,32261,3.8148254933212637
780,781,24765,3.8228918759332267
692,693,455373,3.826304748850397
919,920,22318578,3.835237349775693
837,838,8648,3.8355045386629376
951,952,9420,3.8384869486577076
1062,1063,9419,3.8437833327669946
1200,1201,7981206,3.844401267711004
1541,1542,16034964,3.8459593535697643
1082,1083,82970,3.8504304349937355
1300,1301,1110,3.8595202755267346
1490,1491,6065215,3.8656242266199863
1188,1189,43877,3.8724043016667653
1941,1942,10211494,3.8778595918428547
181,182,6304335,3.7808380198083817
499,500,38980,3.8024554405587687
508,509,1358844,3.807088855140552
575,576,19380,3.811644274980587
545,546,629,3.8150955352354616
832,833,5355,3.8291583220142105
1072,1073,5797,3.835109919196383
1083,1084,59716,3.8401065764726736
1093,1094,17150,3.8413945194321992
1106,1107,80536,3.843802489083025
1103,1104,25644601,3.8454385939969153
1531,1532,8554005,3.8560215188053792
1800,1801,15575,3.859407503646753
1563,1564,7675,3.860562732622647
1782,1783,264,3.8634925521715378
1621,1622,162898,3.869063058048275
1785,1786,26245850,3.870646927387451
2043,2044,495395,3.8707652604147524
2121,2122,662597,3.871350765389031
2334,2335,29405093,3.871889584678576
2084,2085,6433752,3.874647973969294
70,71,18490,3.7621855053372446
74,75,227443,3.763315289364756
119,120,452306,3.7682675777265313
159,160,2623,3.77069420921726
278,279,29056083,3.7832203025398154
500,501,7061,3.796768575364712
461,462,2784,3.802632018049275
849,850,13538873,3.818291211192866
954,955,9418,3.8269469178604476
1004,1005,3711,3.8338139136508067
1849,1850,1661957,3.844036060277295
1280,1281,13503109,3.8460655747331214
1734,1735,23220,3.8466313388104636
1604,1605,6440,3.8468673083601934
2200,2201,5056084,3.849916745578777
1484,1485,21704,3.851042040672226
1454,1455,13438524,3.8555045853624983
1391,1392,599,3.856077501047628
1992,1993,31332,3.857878019417021
1346,1347,20926278,3.8593097034645867
2498,2499,31173,3.8749699530879402
2066,2067,15781725,3.875154255613513
173,174,1812457,3.7633695907304183
223,224,6487308,3.764667974223644
368,369,22232,3.7786336563680516
314,315,4894,3.7786736329172137
472,473,237209,3.7869878456788646
550,551,15790842,3.7999632785176107
848,849,402013,3.8099922179027423
1117,1118,9593913,3.8159909932013854
966,967,11597,3.8193341432330348
1213,1214,338798,3.8313395043341014
1212,1213,31360,3.8331367279582595
2215,2216,28815474,3.8432103424425046
2393,2394,1895792,3.855991726358724
1840,1841,2029177,3.8560229830555066
3244,3245,15839984,3.8640440246673853
1935,1936,4659,3.8650092413114305
2571,2572,19596,3.8692032507517156
2509,2510,7148256,3.869402069192068
2101,2102,6597651,3.870027339665264
28,29,18135,3.7366929667435826
78,79,1381,3.7457080618973415
129,130,2165,3.7498944658664533
397,398,1097,3.7807003986765
726,727,101299,3.799421476278931
653,654,7905092,3.7997238238714894
868,869,2967752,3.8082945451382937
1071,1072,7114761,3.819743710318879
1230,1231,898885,3.828204048937714
1306,1307,10600242,3.8302192226736445
1316,1317,5171,3.832685528305528
1123,1124,22206,3.83369078719732
1632,1633,31338,3.8377626413985313
1582,1583,25373,3.8401734102222815
2391,2392,46777,3.843584570144187
2277,2278,19448,3.8452100258115403
1172,1173,25074850,3.8478677511985193
2067,2068,25346,3.8479237249932723
2528,2529,7198988,3.8510614247401236
2523,2524,13529,3.861788268951121
260,261,480479,3.7561670162214056
577,578,10629,3.7802711475442674
639,640,83763,3.7871958157860393
886,887,77013,3.8001167922552135
878,879,41681,3.803632708413496
1116,1117,8650,3.813094627787934
1161,1162,11230081,3.8203793228447775
1554,1555,29981,3.8342503485569464
1801,1802,32418,3.837467395558823
2031,2032,106264,3.8427600597485445
2239,2240,5517,3.8558290573803653
2694,2695,19469,3.8572825148096586
1474,1475,16081961,3.857896933378169
646,647,42149,3.7825132203422105
656,657,1768603,3.7870993461334517
1244,1245,5354,3.8186501294648316
1211,1212,16176440,3.8287358091045425
2487,2488,4070493,3.8351189154189163
2068,2069,23219,3.835868566795906
1866,1867,9496240,3.8417495067794287
1998,1999,249,3.8485613419947677
2367,2368,77398,3.8542187088565747
55,56,1162543,3.7111635156697327
77,78,5139,3.717547790321132
237,238,242006,3.7370404044364296
309,310,14748,3.7428003354010166
616,617,6314763,3.7737401039500242
693,694,2120652,3.774795531430587
413,414,6948436,3.7785998144832504
801,802,7108001,3.784171519806364
565,566,25041504,3.788364642873169
821,822,10746542,3.791206156515698
1144,1145,5204,3.804864973170928
1532,1533,31336,3.8145304740884693
1796,1797,2794,3.838235323425687
2147,2148,44184,3.840043891772449
1942,1943,16085481,3.8421703525437914
3024,3025,6419,3.8464759254337553
2823,2824,4836308,3.850672515178382
51,52,428263,3.700902450030177
483,484,29059,3.7554918877879775
874,875,305234,3.764476840087165
628,629,1431,3.7738177694551354
689,690,9742,3.7743600900336682
707,708,1430,3.7794637578555
945,946,13089710,3.7831288586340075
1579,1580,37793,3.805983052287937
1433,1434,38296,3.8079231196295735
1295,1296,15860,3.8103989950117665
1710,1711,82748,3.8229150515522186
1789,1790,14568987,3.8341250158108107
1872,1873,16703,3.8357956740721786
3288,3289,263147,3.8418969525697326
165,166,7735333,3.7039244381231704
254,255,662,3.720780420499864
387,388,50,3.7301773219495726
494,495,4953,3.7509178645854835
980,981,872333,3.7638533427908496
1148,1149,14865,3.7895722439827533
1281,1282,17803,3.8055756181056957
1810,1811,6420,3.807453574342717
1732,1733,5352,3.8201803589380816
2086,2087,5190,3.827471284873318
3270,3271,2321296,3.82809044384919
1927,1928,3679,3.834937223262134
2087,2088,16130291,3.836458362778787
33,34,10818853,3.6798855698002932
144,145,976,3.6974584365843275
709,710,13747,3.753961688631473
823,824,1554,3.754943292993749
688,689,11447921,3.7568048312355
1432,1433,28187230,3.7736335349767662
1185,1186,92517,3.7740359400429493
1802,1803,395871,3.7943121587400706
1406,1407,5356,3.802547400520953
1572,1573,5360,3.804989020004455
2282,2283,7778981,3.8102043108939596
1761,1762,5176,3.816173297446341
1776,1777,187633,3.8236778532986264
2218,2219,5038,3.8314347396466517
3451,3452,439275,3.8347720178876727
200,201,6411961,3.6942235599375373
477,478,2932,3.7240760906055654
704,705,10605,3.742022147271162
973,974,216363,3.772175561798561
968,969,1911,3.7777305433377055
1422,1423,10619,3.7854583697047097
1860,1861,6581511,3.788696042127202
1591,1592,7667,3.8000856402512904
2402,2403,45195,3.820131977846424
555,556,10603,3.722558749719599
769,770,13006,3.739812954617313
1507,1508,23346377,3.783385670504394
1668,1669,17020,3.7838722654219543
1587,1588,10407279,3.7851461012800804
2040,2041,10566,3.807545649592207
1691,1692,10412,3.810529743678423
1793,1794,23209927,3.8181055373941253
27,28,7624,3.6490331429621112
110,111,10441,3.667409512397151
255,256,49436,3.685812093306673
283,284,70401,3.6916910270045245
559,560,2175,3.7143718853226497
608,609,10567,3.720095064591195
637,638,7331435,3.7322524776320813
1435,1436,9417,3.775100314994935
2133,2134,2722413,3.782235310275064
1937,1938,6687,3.7837854052314768
1438,1439,12401556,3.7852787577711666
1747,1748,14756,3.8002259469782285
1901,1902,3613997,3.8054128390170376
2710,2711,332775,3.8158057192338393
104,105,18710190,3.6602982849226815
274,275,49750,3.6731866006755087
781,782,58345,3.7217550747984567
2076,2077,1254951,3.783148908930997
1521,1522,4954833,3.7883188003471058
2351,2352,10596,3.798914399625243
2146,2147,2586771,3.807724130044374
2075,2076,19351,3.8089228524915546
2786,2787,37743,3.8136121394958997
302,303,52529,3.675523020832265
382,383,1241,3.689643414368749
776,777,227941,3.73011532932953
902,903,667,3.7348011737352156
1203,1204,17184,3.7446927694456473
967,968,7968243,3.75638087067081
1981,1982,17934530,3.8015867813011757
107,108,9416,3.637536337524574
409,410,37781,3.676975235882354
1829,1830,6134826,3.7494969976607275
2012,2013,5015,3.7958776296430985
169,170,11125,3.6355792429383342
507,508,1869,3.685180513871012
958,959,7588,3.723567125435462
1078,1079,13103,3.745182150635065
1315,1316,2731276,3.748169552956643
1520,1521,7728,3.75195214697478
1388,1389,22284,3.7659740576740397
2354,2355,54539,3.785002136913933
2407,2408,73968,3.8007934795301024
414,415,3975774,3.6524229095300544
817,818,11570,3.6978455483195622
1397,1398,493456,3.723320332779207
1235,1236,22288,3.743954966983428
1916,1917,3432478,3.7509362481727875
1834,1835,4008,3.7930475731015907
1374,1375,12700353,3.7205443262516873
1394,1395,18498569,3.757955473379707
1907,1908,9915,3.7791510914841178
2161,2162,7907803,3.7874707566718344
2,3,41865,3.57454028692409
915,916,7603,3.7007036358771117
972,973,6398634,3.7009351242422124
1254,1255,139253,3.7146839395633293
1205,1206,1428,3.741995339435534
2228,2229,227603,3.777613407423226
594,595,5148,3.652170974608349
1053,1054,13125947,3.6807467447445354
985,986,11564,3.6926800847710344
1219,1220,24612118,3.7294394472435215
1505,1506,1427,3.75737523137935
386,387,17250,3.6153585693888224
528,529,7733,3.6384926064076497
659,660,7672,3.658647631418463
812,813,18081809,3.669877328131811
1027,1028,26247008,3.6911385436723805
1008,1009,15815333,3.7013215344266897
1790,1791,248483,3.7165839011153663
1933,1934,6566722,3.7500430968490033
2028,2029,815309,3.7638846299888504
2168,2169,26025580,3.766996910120291
2760,2761,169756,3.7672960214004636
1456,1457,363752,3.699826435488605
48,49,49041,3.536625432550716
121,122,37442,3.5561264746342527
572,573,1274,3.647739690443542
654,655,15812814,3.6594652525794444
2432,2433,10912,3.7594115973187234
39,40,19501,3.526525848495605
731,732,7937462,3.618096257738963
1431,1432,30474,3.717205508944549
2014,2015,83674,3.717282030113406
1528,1529,816720,3.728410770403558
2191,2192,18943,3.730640680703651
2201,2202,22188,3.7327224833532657
1687,1688,25893709,3.73294856885851
1700,1701,9010,3.7418669721156
1310,1311,5191,3.6827227409122534
714,715,12898,3.61146430956679
1173,1174,26893819,3.668477464306177
1729,1730,16278318,3.721039299632465
1680,1681,32067,3.730051980643762
2869,2870,104379,3.738031390992788
2627,2628,10798418,3.7456331578860995
645,646,2696,3.5931080691197073
907,908,10909,3.6328828492977285
1138,1139,17660,3.644506664353051
925,926,22609317,3.6535043863666714
1676,1677,7661,3.7067575083535633
1878,1879,6066819,3.7135485117739666
583,584,6101718,3.5856230407702103
910,911,32692,3.6247204244590563
193,194,153747,3.5157720947536166
806,807,18302455,3.6079331688559835
1570,1571,7437,3.690598211045672
1662,1663,68591,3.7159708161766822
1075,1076,25781157,3.6376362984757757
1877,1878,12948,3.689387240618813
2027,2028,13521,3.701782610398121
1084,1085,105576,3.646518743113516
300,301,4900,3.500575189650726
530,531,52357,3.5413515584329534
923,924,10964693,3.601612165378084
1124,1125,6969361,3.6394370908652727
2154,2155,22076,3.690454131821191
729,730,5308,3.5494668534054243
1110,1111,31101,3.613980460865626
1654,1655,17204,3.6486628762289497
1420,1421,10073,3.650954970871141
2704,2705,395922,3.6950937633728334
227,228,228333,3.467765893221368
1537,1538,22501028,3.6964540962136883
1429,1430,29547,3.6388731869278264
1978,1979,15985348,3.6662444640660814
1707,1708,20821087,3.6826050961201506
137,138,12296,3.4171082478988057
1333,1334,8366402,3.612200995903227
1842,1843,9844,3.647656920164973
1565,1566,5246,3.5859536567114203
2034,2035,7857195,3.6450598748632377
930,931,20588698,3.5434171140099537
1416,1417,426775,3.5882714122591493
532,533,24817626,3.4681152232942454
1305,1306,16171291,3.5843597699516163
740,741,33926,3.4785947166428546
341,342,13497818,3.3886468217550387
1038,1039,5899779,3.4844038250550677
1639,1640,4929705,3.5606600324793893
1480,1481,6202342,3.5325192476274094
1000,1001,15797938,3.496747275276324
1525,1526,35220,3.507002444884317
1564,1565,12875355,3.5140610064416906
2735,2736,7048800,3.5872346803731308
2010,2011,1840511,3.579219607667698
1865,1866,18641982,3.5557993388564215
1546,1547,6976,3.4567753540579984
2135,2136,2152,3.4763399204567778
1821,1822,12615008,3.5261428776259414
1408,1409,3320520,3.4189619928960795
